"partition","site","year","survey_count"
"forest","35l45reua3h6",2002,74
"forest","35l45reua3h6",2013,600
"forest","35l45reua3h6",2003,343
"forest","u5aqq75407q1",1991,150
"forest","u5aqq75407q1",2015,0
"forest","u5aqq75407q1",1981,170
"forest","u5aqq75407q1",2002,143
"forest","u5aqq75407q1",2003,36
"forest","3vo02p9y9ffo",1991,20
"forest","j102tfx4c9mo",1991,30
"forest","r648fq8q089n",1976,100
"forest","r648fq8q089n",2015,1632
"forest","r648fq8q089n",1981,1010
"forest","r648fq8q089n",1991,900
"forest","r648fq8q089n",1998,150
"forest","r648fq8q089n",2003,788
"forest","r648fq8q089n",2002,1232
"forest","r648fq8q089n",2013,1291
"forest","ca91g2y2wwk6",1991,40
"forest","53qv184358za",1976,500
"forest","53qv184358za",2003,56
"forest","53qv184358za",1991,350
"forest","53qv184358za",2012,29
"forest","53qv184358za",2015,462
"forest","53qv184358za",1981,860
"forest","53qv184358za",1998,250
"forest","53qv184358za",2002,156
"forest","5kc5x457o117",1992,1269
"forest","5kc5x457o117",2015,3868
"forest","5kc5x457o117",2013,2111
"forest","5kc5x457o117",1981,1390
"forest","5kc5x457o117",1998,1614
"forest","5kc5x457o117",2003,2119
"forest","5kc5x457o117",2000,1381
"forest","wc6we80j6544",1998,419
"forest","wc6we80j6544",1992,70
"forest","wc6we80j6544",2000,355
"forest","wc6we80j6544",2013,891
"forest","wc6we80j6544",2003,422
"forest","wc6we80j6544",2015,985
"forest","8es4645kr4gr",2007,18
"forest","8es4645kr4gr",1998,50
"forest","em60bf5343m5",2005,3
"forest","zls7397e8m8o",1998,26
"forest","16r4i43f662z",2015,87
"forest","3339g0472107",2013,1
"forest","3339g0472107",2005,46
"forest","2z5klzwk3k99",1974,100
"forest","2z5klzwk3k99",2002,541
"forest","2z5klzwk3k99",1992,275
"forest","2z5klzwk3k99",2013,5
"forest","2z5klzwk3k99",1998,280
"forest","18dppfz2i120",1993,405
"forest","18dppfz2i120",1998,489
"forest","18dppfz2i120",2000,350
"forest","18dppfz2i120",2012,893
"forest","18dppfz2i120",1987,396
"forest","18dppfz2i120",2003,548
"forest","u68u42np4465",2015,15
"forest","zcw4g21o36f9",2003,740
"forest","zcw4g21o36f9",1992,33
"forest","zcw4g21o36f9",1981,260
"forest","zcw4g21o36f9",1998,100
"forest","zcw4g21o36f9",2013,2161
"forest","zcw4g21o36f9",2002,237
"forest","zcw4g21o36f9",2015,1099
"forest","xgub5puczime",2013,0
"forest","xgub5puczime",1998,150
"forest","0537rny37gz6",1996,1600
"forest","0537rny37gz6",1989,2640
"forest","0556un4m3g49",2012,10
"forest","0556un4m3g49",2015,50
"forest","22g8th7d50e8",1986,3400
"forest","22g8th7d50e8",2002,2977
"forest","22g8th7d50e8",1993,1750
"forest","22g8th7d50e8",1998,3000
"forest","22g8th7d50e8",2005,869
"forest","22g8th7d50e8",2012,632
"forest","51706ev253of",2012,152
"forest","i2b9y2drxhm5",1993,368
"forest","i2b9y2drxhm5",2001,457
"forest","i2b9y2drxhm5",2007,153
"forest","09g38vp0z2qb",1991,1404
"forest","09g38vp0z2qb",2012,2062
"forest","09g38vp0z2qb",1998,1250
"forest","09g38vp0z2qb",2015,143
"forest","09g38vp0z2qb",2004,318
"forest","qkm6n7u8o41h",2015,185
"forest","xj1r97odyg26",2011,100
"forest","xj1r97odyg26",2000,4
"forest","xj1r97odyg26",2001,548
"forest","xj1r97odyg26",2014,314
"forest","k9g932455y2g",2014,2
"forest","41vh67u8385s",2014,28
"forest","41vh67u8385s",2000,0
"forest","d5760qivd98z",2000,0
"forest","d5760qivd98z",2014,200
"forest","8l160r6404m7",2012,1
"forest","m50240h34uvz",1995,1500
"forest","m50240h34uvz",2015,420
"forest","m50240h34uvz",2011,780
"forest","1ze1418x81ei",2011,15
"forest","1ze1418x81ei",1993,425
"forest","fhl9016ob03f",1993,3719
"forest","fhl9016ob03f",2009,1426
"forest","fhl9016ob03f",2015,1029
"forest","3kxbnr33m7sc",2015,2737
"forest","g984yu1j5zx5",2009,901
"forest","vib7m5kh8y3x",2003,1354
"forest","1dfcb7sbt3t0",2015,547
"forest","1dfcb7sbt3t0",1991,773
"forest","d90nxj74e72n",2013,118
"forest","d90nxj74e72n",2003,178
"forest","8115pqw0ogge",2011,1735
"forest","8115pqw0ogge",2015,499
"forest","57k7tjh3vl6x",1998,2178
"forest","57k7tjh3vl6x",2005,2577
"forest","57k7tjh3vl6x",2015,565
"forest","4676n6ba3qxm",2013,10
"forest","z8z1qpk0qk36",2012,5
"forest","z8z1qpk0qk36",2002,63
"forest","f725d6f62pzr",2011,1136
"forest","f725d6f62pzr",2006,2694
"forest","ttts416x5ioc",2008,73
"forest","ttts416x5ioc",2012,104
"forest","0821465515t8",2013,947
"forest","0821465515t8",2005,772
"forest","0821465515t8",2000,1000
"forest","d3yx7bog6pa8",2015,1311
"forest","3u3w2f883m45",2006,4895
"forest","3u3w2f883m45",2011,4225
"forest","31ns772n9co7",2011,58
"forest","31ns772n9co7",2004,35
"forest","0b3701448318",2007,6
"forest","0l7fisr39q0b",2006,490
"forest","jumbw071d31e",2011,279
"forest","16zb00uelhio",2011,307
"forest","16zb00uelhio",2006,1404
"forest","nl1gn396xl3b",2005,340
"forest","fl4q7a7y1651",2013,346
"forest","31132j36z358",2003,380
"forest","31132j36z358",2006,59
"forest","q0cnnphn8ucw",1994,35
"forest","q0cnnphn8ucw",2005,200
"forest","1352q8810qw5",2014,4143
"forest","1352q8810qw5",2007,15109
"forest","891r763nq7xp",2006,2261
"forest","891r763nq7xp",2001,431
"forest","891r763nq7xp",2003,3032
"forest","891r763nq7xp",2011,1902
"forest","666622o5g4yx",2000,18222
"forest","666622o5g4yx",2012,9292
"forest","666622o5g4yx",2005,13545
"forest","ch33895eoc06",2009,200
"forest","t1gy3dr85r9m",2000,11
"forest","t1gy3dr85r9m",1994,6
"forest","1056xr4o5vx4",1987,60
"forest","1056xr4o5vx4",2013,3
"forest","1056xr4o5vx4",2003,65
"forest","1056xr4o5vx4",1979,150
"forest","ji7dh8f166ew",1993,35
"forest","ji7dh8f166ew",2013,15
"forest","6spks962dfbc",1989,5
"forest","494hcl8rbg10",1976,1500
"forest","494hcl8rbg10",2010,0
"forest","494hcl8rbg10",1998,200
"forest","494hcl8rbg10",2015,100
"forest","494hcl8rbg10",2002,10
"forest","494hcl8rbg10",1989,750
"forest","r4216y035uqn",1989,20
"forest","tbe46625pq0l",1989,30
"forest","84uhn1sw2459",1989,15
"forest","84uhn1sw2459",1997,6
"forest","q6i3opp2o0lg",1991,150
"forest","86nl4u660a0g",1989,20
"forest","2l53f826lw93",2002,20
"forest","2l53f826lw93",1996,20
"forest","3466337108kw",1997,30
"forest","nhn4k20y8685",1989,30
"forest","cy2t2p5ku5y3",1991,70
"forest","cy2t2p5ku5y3",2002,159
"forest","cy2t2p5ku5y3",1979,150
"forest","cy2t2p5ku5y3",2014,0
"forest","k2hob96or1xd",1989,20
"forest","k2hob96or1xd",2000,40
"forest","c92t434xce75",1989,30
"forest","c92t434xce75",2013,2
"forest","c92t434xce75",2001,47
"forest","ope75n9qdgc0",2015,20
"forest","257u2d7rkgt5",1989,50
"forest","x29o9m2f2jyu",1989,50
"forest","7o02i4n7ehs7",1989,30
"forest","0s6r3am624v9",1993,20
"forest","z11p6l4n3q9i",1991,300
"forest","z11p6l4n3q9i",2001,75
"forest","z11p6l4n3q9i",2002,53
"forest","z11p6l4n3q9i",1998,75
"forest","z11p6l4n3q9i",1979,2000
"forest","z11p6l4n3q9i",2010,189
"forest","kuh8jv25pfh9",1989,5
"forest","kuh8jv25pfh9",1998,5
"forest","eu8g36ce07i8",1989,10
"forest","jbw5x9xst5hc",1976,5018
"forest","jbw5x9xst5hc",2012,365
"forest","jbw5x9xst5hc",2002,8500
"forest","fn6gvj72t3gv",2004,6354
"forest","fn6gvj72t3gv",2002,6983
"forest","fn6gvj72t3gv",1976,22670
"forest","fn6gvj72t3gv",2012,1708
"forest","fn6gvj72t3gv",1995,11175
"forest","fn6gvj72t3gv",2014,1718
"forest","agux16va6dj8",1989,9000
"forest","agux16va6dj8",2002,1125
"forest","agux16va6dj8",1977,3300
"forest","agux16va6dj8",2005,35
"forest","agux16va6dj8",2000,15
"forest","735q974wj596",2002,625
"forest","203agjd708lm",2002,850
"forest","203agjd708lm",2014,105
"forest","06kzly31jl86",2002,625
"forest","06kzly31jl86",2013,21
"forest","002l61113umj",1992,6000
"forest","002l61113umj",2005,3000
"forest","v9156643jmx6",2002,1000
"forest","k6q242khr662",1995,6339
"forest","k6q242khr662",2011,1701
"forest","k6q242khr662",2000,3808
"forest","k6q242khr662",1989,6730
"forest","k6q242khr662",2006,3288
"forest","6i919d5k2161",2011,5
"forest","6i919d5k2161",2002,1750
"forest","o7vs3zv54fzx",1989,6330
"forest","o7vs3zv54fzx",1979,18000
"forest","o7vs3zv54fzx",2004,1186
"forest","o7vs3zv54fzx",2003,12500
"forest","68514eb7xn6j",2008,500
"forest","68514eb7xn6j",2002,1375
"forest","68514eb7xn6j",1989,8000
"forest","j6kembyydz37",2002,1500
"forest","o5u20f5o638b",2003,64
"forest","o5u20f5o638b",2010,347
"forest","o5u20f5o638b",1990,469
"forest","o5u20f5o638b",1998,486
"forest","o5u20f5o638b",2006,348
"forest","o5u20f5o638b",1977,2500
"forest","o5u20f5o638b",2014,35
"forest","l25exhu5j9i7",2004,700
"forest","l25exhu5j9i7",2011,884
"forest","09680u023648",2006,301
"forest","v3ogx04043ac",2007,216
"forest","98x22lv066yg",2002,4035
"forest","hzdh918cprfw",2006,469
"forest","4h63685kc676",1999,11205
"forest","4h63685kc676",2011,2567
"forest","b2huj5q5t28g",2009,3489
"forest","b2huj5q5t28g",2005,1216
"forest","zia82cw5bt7w",2008,900
"forest","x6j4wy8t8wz9",2007,1344
"forest","6p6vc267o414",1998,4500
"forest","6p6vc267o414",2009,4142
"forest","6p6vc267o414",2000,8132
"forest","6p6vc267o414",2008,4142
"forest","6p6vc267o414",2005,2350
"forest","4t71ww4n7586",2011,716
"forest","s6wmj58ce90f",2011,80
"forest","i852if25lrtj",2013,6875
"forest","i852if25lrtj",2004,28947
"forest","5129ei1960x0",2011,236
"forest","hdn85b70kf54",2001,1396
"forest","hdn85b70kf54",2006,2416
"forest","3q01nrz9822t",2001,2483
"forest","3q01nrz9822t",2004,1522
"forest","3q01nrz9822t",2012,1363
"forest","6cpvx44vhjp0",2004,151
"forest","1r99jy3bf6o2",2006,344
"forest","m51l48808xe6",2006,690
"forest","wxfp73368jiy",2011,1039
"forest","wxfp73368jiy",2015,2000
"forest","5so61rjzasn2",2001,21
"forest","5so61rjzasn2",1994,60
"forest","5so61rjzasn2",2009,56
"forest","8kiy959ayfa8",1977,160
"forest","8kiy959ayfa8",2004,115
"forest","8kiy959ayfa8",1994,100
"forest","8kiy959ayfa8",1995,100
"forest","8kiy959ayfa8",1999,108
"forest","8kiy959ayfa8",2009,133
"forest","606pev106w96",1994,12
"forest","cdgr703l7mzw",2002,7
"forest","x1w2518zrr85",1994,200
"forest","x1w2518zrr85",2006,357
"forest","jg4xu2yj7fb1",2007,90
"forest","jg4xu2yj7fb1",1994,500
"forest","jg4xu2yj7fb1",2004,72
"forest","08f58395bhkj",1990,100
"forest","08f58395bhkj",1997,219
"forest","08f58395bhkj",2004,164
"forest","ilio248tl8v3",1993,589
"forest","ilio248tl8v3",2006,401
"forest","50w8a528op5f",1996,100
"forest","50w8a528op5f",2006,0
"forest","50w8a528op5f",1998,46
"forest","m8zf4xk6095m",1997,108
"forest","m8zf4xk6095m",1998,108
"forest","m8zf4xk6095m",2004,214
"forest","m8zf4xk6095m",2011,64
"forest","9216mrg2orhd",1991,35
"forest","9216mrg2orhd",2004,0
"forest","9dn36ky54w8k",2004,7
"forest","b0986hc4vyy0",1989,313
"forest","b0986hc4vyy0",2009,124
"forest","8d50vfn08hi0",1990,33
"forest","8d50vfn08hi0",2015,50
"forest","m98hr8mmn2p3",2005,17
"forest","76iy0v2rg8i8",1977,770
"forest","76iy0v2rg8i8",1992,817
"forest","76iy0v2rg8i8",2002,350
"forest","76iy0v2rg8i8",2003,85
"forest","76iy0v2rg8i8",2015,0
"forest","5ryc6k02kkg6",2011,2
"forest","5ryc6k02kkg6",1993,30
"forest","5ryc6k02kkg6",2002,6
"forest","tst584cfwi14",1998,74
"forest","47k779797v3p",2007,5
"forest","00zcgv6jrcky",1976,1450
"forest","00zcgv6jrcky",2013,7
"forest","3422k4623g46",1991,40
"forest","3422k4623g46",2015,12
"forest","6zj9591uj3nz",1994,30
"forest","6zj9591uj3nz",1993,30
"forest","7t50qpx10e9r",1993,25
"forest","e6e13fq529cr",1977,350
"forest","e6e13fq529cr",1992,20
"forest","e6e13fq529cr",2002,2
"forest","e6e13fq529cr",2006,1
"forest","e6e13fq529cr",2012,10
"forest","1159650094c4",1995,5
"forest","7q9yysibwb36",1987,50
"forest","1h654omg67r3",1994,50
"forest","1h654omg67r3",2006,80
"forest","wzp930i54o8h",2002,4
"forest","a59y7028phh1",1987,45
"forest","a59y7028phh1",2002,61
"forest","a59y7028phh1",2015,60
"forest","03yd0j2b7130",1987,5
"forest","29bw7237el28",1995,35
"forest","29bw7237el28",1998,16
"forest","29bw7237el28",2014,10
"forest","29bw7237el28",2003,0
"forest","29bw7237el28",1987,35
"savannah","08mjw6fx2qqi",1993,70
"savannah","08mjw6fx2qqi",1996,2
"savannah","08mjw6fx2qqi",2001,100
"savannah","08mjw6fx2qqi",2003,104
"savannah","08mjw6fx2qqi",2014,100
"savannah","93u9od2a9syk",2009,50
"savannah","93u9od2a9syk",2015,20
"savannah","9fbl7x679697",1990,200
"savannah","27xww2xh0yzp",1976,200
"savannah","27xww2xh0yzp",1998,65
"savannah","27xww2xh0yzp",1990,100
"savannah","27xww2xh0yzp",2015,250
"savannah","27xww2xh0yzp",2005,264
"savannah","27xww2xh0yzp",2009,324
"savannah","ji4hk9m4hj2d",1990,50
"savannah","ji4hk9m4hj2d",2009,50
"savannah","j5s7l5c3743m",1990,1000
"savannah","j5s7l5c3743m",2015,420
"savannah","j5s7l5c3743m",2001,60
"savannah","f1x4ukdmwo7h",2001,60
"savannah","u55ah941v1z9",1990,300
"savannah","u55ah941v1z9",2015,20
"savannah","94740528agpu",2002,200
"savannah","94740528agpu",2009,6
"savannah","94740528agpu",1990,100
"savannah","94740528agpu",2015,606
"savannah","ayz065u7wo83",2015,50
"savannah","2e0ma211p8l4",2015,300
"savannah","08nrxyuxh3c4",1994,657
"savannah","08nrxyuxh3c4",2002,324
"savannah","08nrxyuxh3c4",1997,250
"savannah","08nrxyuxh3c4",2014,411
"savannah","08nrxyuxh3c4",2007,68
"savannah","08nrxyuxh3c4",2015,80
"savannah","lksyha5v2s0o",2006,0
"savannah","lksyha5v2s0o",2015,20
"savannah","2449l04zeqli",1977,3000
"savannah","2449l04zeqli",1998,4120
"savannah","2449l04zeqli",2005,3540
"savannah","2449l04zeqli",1990,2500
"savannah","t16x09x9ol5k",1969,462
"savannah","t16x09x9ol5k",1978,550
"savannah","t16x09x9ol5k",2002,1100
"savannah","t16x09x9ol5k",1995,870
"savannah","t16x09x9ol5k",1998,980
"savannah","t16x09x9ol5k",2005,1417
"savannah","t16x09x9ol5k",2015,1656
"savannah","2u479a744o5w",2002,184
"savannah","2u479a744o5w",1991,78
"savannah","2u479a744o5w",1996,100
"savannah","0az2r176azy5",2000,50
"savannah","6s0019l1h0r0",2014,42
"savannah","1rm798tfkum2",1988,176
"savannah","1a9rcpr6u7rr",1994,92
"savannah","1a9rcpr6u7rr",1997,156
"savannah","isc1b9fy0945",2002,490
"savannah","4mk7j74td073",1993,34
"savannah","an1eo75f3ld9",2005,13
"savannah","s13td774qip8",1993,830
"savannah","s13td774qip8",2014,0
"savannah","s13td774qip8",2005,0
"savannah","bwbku0n34v40",2014,0
"savannah","bwbku0n34v40",2002,5
"savannah","3ny7zy5kain7",2012,6365
"savannah","3ny7zy5kain7",1970,11500
"savannah","3ny7zy5kain7",1975,531
"savannah","3ny7zy5kain7",1992,2969
"savannah","3ny7zy5kain7",2002,5447
"savannah","b8zl5x4j9oq1",2015,60
"savannah","b8zl5x4j9oq1",1976,9897
"savannah","b8zl5x4j9oq1",2000,82
"savannah","b8zl5x4j9oq1",1993,264
"savannah","b8zl5x4j9oq1",1996,150
"savannah","y84xnagk0rsb",2015,0
"savannah","y84xnagk0rsb",1997,210
"savannah","y84xnagk0rsb",1992,307
"savannah","usbxis950lek",2013,449
"savannah","ba529w1ib4od",2012,86
"savannah","ba529w1ib4od",1977,300
"savannah","ba529w1ib4od",2014,100
"savannah","ba529w1ib4od",1998,500
"savannah","ba529w1ib4od",2005,150
"savannah","ba529w1ib4od",1993,267
"savannah","73g7hn60hr2j",2010,3069
"savannah","73g7hn60hr2j",1977,703
"savannah","73g7hn60hr2j",1994,1485
"savannah","73g7hn60hr2j",2014,1408
"savannah","73g7hn60hr2j",2002,2116
"savannah","73g7hn60hr2j",1998,1450
"savannah","z113e030098b",1992,630
"savannah","s7355652kox4",1992,250
"savannah","s7355652kox4",1995,1003
"savannah","8v511c0fj94l",2007,268
"savannah","8v511c0fj94l",2002,272
"savannah","8v511c0fj94l",1976,2122
"savannah","8v511c0fj94l",1977,2629
"savannah","8v511c0fj94l",1992,264
"savannah","8v511c0fj94l",2015,659
"savannah","00566d88v1pc",1996,1114
"savannah","00566d88v1pc",2015,200
"savannah","00566d88v1pc",2002,139
"savannah","00566d88v1pc",1999,400
"savannah","00566d88v1pc",1977,1500
"savannah","0dsk5526gxt6",1991,4245
"savannah","0dsk5526gxt6",2001,2911
"savannah","0dsk5526gxt6",1977,3000
"savannah","0dsk5526gxt6",1998,4022
"savannah","3fn5z2e5ls8g",2012,90
"savannah","3fn5z2e5ls8g",1995,48
"savannah","3fn5z2e5ls8g",1998,55
"savannah","3fn5z2e5ls8g",2015,71
"savannah","ogbmv834hxyj",2010,362
"savannah","ogbmv834hxyj",1997,652
"savannah","ogbmv834hxyj",1992,580
"savannah","om99m3vpsn60",1998,150
"savannah","om99m3vpsn60",2005,120
"savannah","jbjqx1aqhipe",2014,20
"savannah","jbjqx1aqhipe",2011,163
"savannah","80iaejc3l928",2007,27
"savannah","e19h205f1216",1997,200
"savannah","37784u8v714e",1992,300
"savannah","37784u8v714e",1997,464
"savannah","37784u8v714e",1976,192
"savannah","37784u8v714e",1999,658
"savannah","37784u8v714e",2012,274
"savannah","37784u8v714e",2002,649
"savannah","01509xj6j0rb",1975,14000
"savannah","01509xj6j0rb",2002,20
"savannah","01509xj6j0rb",2005,30
"savannah","rvlv60619p7t",1997,200
"savannah","rvlv60619p7t",2007,513
"savannah","rvlv60619p7t",2015,100
"savannah","w5rxij47u420",2005,10356
"savannah","w5rxij47u420",1974,34699
"savannah","w5rxij47u420",2011,12182
"savannah","w5rxij47u420",1989,8541
"savannah","w5rxij47u420",1987,5700
"savannah","w5rxij47u420",1994,7075
"savannah","w5rxij47u420",1997,7371
"savannah","w5rxij47u420",1978,19370
"savannah","w5rxij47u420",2002,9221
"savannah","w5rxij47u420",2014,11116
"savannah","w5rxij47u420",1980,14500
"savannah","t4i772j119ku",1994,39
"savannah","t4i772j119ku",2002,34
"savannah","t4i772j119ku",2013,88
"savannah","r963gzn54da1",1989,12
"savannah","752ybm10b46r",1989,20
"savannah","752ybm10b46r",2003,37
"savannah","k8ko3467cl48",1975,13386
"savannah","k8ko3467cl48",1995,130
"savannah","7363z2929085",1976,3567
"savannah","bdf7a0408t4y",1976,104
"savannah","1al4hc4485nx",1976,22314
"savannah","1al4hc4485nx",2008,675
"savannah","a4ucsp402h19",1976,105220
"savannah","a4ucsp402h19",2007,917
"savannah","xo6fde3ef843",1976,2200
"savannah","xo6fde3ef843",2007,5462
"savannah","pe025fi0wm13",1976,29
"savannah","74ii83d63xz0",1976,288
"savannah","d110w042hexu",1978,100
"savannah","d110w042hexu",2009,100
"savannah","d110w042hexu",2014,200
"savannah","567a9e1mb3zt",2015,1553
"savannah","57z710a490q2",2006,6217
"savannah","57z710a490q2",1988,1595
"savannah","57z710a490q2",1977,1771
"savannah","57z710a490q2",1995,4998
"savannah","57z710a490q2",2002,5751
"savannah","57z710a490q2",1991,5360
"savannah","57z710a490q2",1978,15337
"savannah","57z710a490q2",1987,3059
"savannah","57z710a490q2",2009,4239
"savannah","57z710a490q2",2014,5738
"savannah","44d1qumfjkcy",1967,1197
"savannah","44d1qumfjkcy",2003,793
"savannah","44d1qumfjkcy",1990,220
"savannah","7mpiwx2iaa95",1969,200
"savannah","7mpiwx2iaa95",1990,149
"savannah","7mpiwx2iaa95",2006,36
"savannah","7mpiwx2iaa95",1976,450
"savannah","7mpiwx2iaa95",2014,104
"savannah","5pfq04t202r1",2006,88
"savannah","5pfq04t202r1",2009,0
"savannah","9fw2c32g32f0",1978,500
"savannah","xekycd8f4684",2014,16
"savannah","bn02kvf55h04",2014,59
"savannah","bn02kvf55h04",1978,665
"savannah","bn02kvf55h04",1994,300
"savannah","bn02kvf55h04",2005,41
"savannah","bn02kvf55h04",1996,346
"savannah","bn02kvf55h04",2002,63
"savannah","9vq589y3e7g2",2009,13143
"savannah","9vq589y3e7g2",2000,2861
"savannah","9vq589y3e7g2",2006,9541
"savannah","9vq589y3e7g2",1998,2262
"savannah","9vq589y3e7g2",1994,1583
"savannah","9vq589y3e7g2",2014,1645
"savannah","8x1z1t77473z",2014,19
"savannah","87995i9l448a",2013,337
"savannah","87995i9l448a",2002,70
"savannah","y8i9fx7sr7nd",2006,0
"savannah","y8i9fx7sr7nd",1978,100
"savannah","057jule1x010",2002,200
"savannah","5xqe6hr66a9z",1977,14656
"savannah","5xqe6hr66a9z",1990,17341
"savannah","5xqe6hr66a9z",1996,13021
"savannah","5xqe6hr66a9z",1976,26734
"savannah","5xqe6hr66a9z",2013,20090
"savannah","5xqe6hr66a9z",2015,14284
"savannah","5xqe6hr66a9z",1988,21051
"savannah","5xqe6hr66a9z",2002,24103
"savannah","5xqe6hr66a9z",1993,18864
"savannah","5xqe6hr66a9z",1987,12698
"savannah","5xqe6hr66a9z",2006,35409
"savannah","q4ko6885wymh",1990,14
"savannah","q4ko6885wymh",2002,20
"savannah","q4ko6885wymh",2009,49
"savannah","z67f038c4104",1998,55
"savannah","z67f038c4104",2009,255
"savannah","z67f038c4104",2014,30
"savannah","d8wu9nlf8z85",2014,503
"savannah","d8wu9nlf8z85",2009,843
"savannah","d8wu9nlf8z85",2002,800
"savannah","d8wu9nlf8z85",2006,4635
"savannah","54p3f2618vow",2002,65811
"savannah","54p3f2618vow",1989,30889
"savannah","54p3f2618vow",1976,118640
"savannah","54p3f2618vow",2013,13084
"savannah","54p3f2618vow",2006,70406
"savannah","54p3f2618vow",2014,15201
"savannah","54p3f2618vow",1986,55153
"savannah","54p3f2618vow",1994,52151
"savannah","61nxt86l6311",1976,2718
"savannah","61nxt86l6311",2014,6087
"savannah","61nxt86l6311",1986,467
"savannah","61nxt86l6311",1994,1672
"savannah","61nxt86l6311",2000,1631
"savannah","61nxt86l6311",1992,980
"savannah","61nxt86l6311",1998,2015
"savannah","61nxt86l6311",2006,1472
"savannah","239113mmx3qm",1999,2855
"savannah","239113mmx3qm",1990,2897
"savannah","239113mmx3qm",1976,1357
"savannah","239113mmx3qm",2006,1302
"savannah","239113mmx3qm",1987,6110
"savannah","239113mmx3qm",2014,4079
"savannah","239113mmx3qm",1994,3888
"savannah","239113mmx3qm",1998,1814
"savannah","3tk0xp04bkgt",1991,1620
"savannah","3tk0xp04bkgt",1999,1911
"savannah","3tk0xp04bkgt",2014,805
"savannah","3tk0xp04bkgt",1996,761
"savannah","3tk0xp04bkgt",2006,5486
"savannah","3tk0xp04bkgt",2009,1212
"savannah","axaq0z3pr99b",1978,1156
"savannah","46s31l89089m",1977,668
"savannah","iw22201zicd2",2002,30
"savannah","iw22201zicd2",2015,43
"savannah","iw22201zicd2",1998,20
"savannah","iw22201zicd2",1995,30
"savannah","8s22anrd4n1e",1976,300
"savannah","0u3q6ihvq724",2012,62
"savannah","58uz6x9y297j",2015,20
"savannah","58uz6x9y297j",2003,20
"savannah","58uz6x9y297j",1995,150
"savannah","7s98f306170z",1999,100
"savannah","7s98f306170z",2010,487
"savannah","7s98f306170z",1994,150
"savannah","7s98f306170z",2005,393
"savannah","ij88a5vpejj9",1992,215
"savannah","ij88a5vpejj9",1976,463
"savannah","ij88a5vpejj9",2005,454
"savannah","ij88a5vpejj9",2012,440
"savannah","ij88a5vpejj9",2014,621
"savannah","ij88a5vpejj9",2000,374
"savannah","w38fy716ih92",1995,229
"savannah","9vgos6bk6007",1998,10
"savannah","xg08q3539c0l",2009,19
"savannah","e1m98s54qf66",1995,15
"savannah","e1m98s54qf66",2003,10
"savannah","e1m98s54qf66",2015,11
"savannah","8tfe0kuun41a",1995,20
"savannah","31o5qgpvqhfh",1966,9364
"savannah","31o5qgpvqhfh",1995,336
"savannah","31o5qgpvqhfh",1976,2435
"savannah","31o5qgpvqhfh",2012,1616
"savannah","31o5qgpvqhfh",1992,601
"savannah","31o5qgpvqhfh",2002,692
"savannah","31o5qgpvqhfh",2005,516
"savannah","31o5qgpvqhfh",2014,1352
"savannah","bb4879r85066",2004,6
"savannah","obpjy64z8281",2002,998
"savannah","obpjy64z8281",1992,502
"savannah","obpjy64z8281",1998,800
"savannah","obpjy64z8281",2014,2904
"savannah","obpjy64z8281",2006,2959
"savannah","c81m5r5fc549",1976,704
"savannah","c81m5r5fc549",2003,20
"savannah","c81m5r5fc549",1994,25
"savannah","1o50u139ri6c",1995,30
"savannah","1o50u139ri6c",2015,36
"savannah","1o50u139ri6c",1998,30
"savannah","9k721o19rw56",1995,60
"savannah","9k721o19rw56",2013,33
"savannah","9k721o19rw56",1998,80
"savannah","9k721o19rw56",2015,27
"savannah","xx191m74913n",1976,2560
"savannah","xx191m74913n",2005,708
"savannah","xx191m74913n",2002,300
"savannah","8766675it91c",1970,8824
"savannah","8766675it91c",2002,1000
"savannah","8766675it91c",1978,5877
"savannah","8766675it91c",1998,5000
"savannah","8766675it91c",2010,0
"savannah","8766675it91c",2005,74
"savannah","14419cj0p40j",1977,200
"savannah","14419cj0p40j",1991,540
"savannah","14419cj0p40j",2008,0
"savannah","14419cj0p40j",2015,0
"savannah","k8i20047s76f",1977,300
"savannah","k8i20047s76f",1991,660
"savannah","k8i20047s76f",2008,232
"savannah","k8i20047s76f",2015,0
"savannah","59i3866a2857",1991,60
"savannah","59i3866a2857",2008,0
"savannah","59i3866a2857",2015,0
"savannah","7hiy409me306",1991,360
"savannah","7hiy409me306",2008,293
"savannah","7hiy409me306",2015,89
"savannah","26hc4ur390i6",1977,465
"savannah","26hc4ur390i6",2002,475
"savannah","26hc4ur390i6",2007,246
"savannah","26hc4ur390i6",1991,1071
"savannah","26hc4ur390i6",1996,1600
"savannah","75n75x7c06ft",2015,50
"savannah","4d4cpmxoa8h0",2014,132
"savannah","1jib72tqs6hh",2013,13
"savannah","1jib72tqs6hh",2015,7
"savannah","lx3r0699ax6o",2013,171
"savannah","v91cez42p84p",2002,150
"savannah","v91cez42p84p",2014,168
"savannah","op6g2h3tl4m4",2002,600
"savannah","op6g2h3tl4m4",2009,0
"savannah","op6g2h3tl4m4",2015,20
"savannah","395416c88uh3",2002,400
"savannah","395416c88uh3",2013,18
"savannah","395416c88uh3",2015,18
"savannah","p8v4m7hdiy50",2013,6
"savannah","58sl1a45d9gl",2013,63
"savannah","58sl1a45d9gl",2002,50
"savannah","mm878prvv001",2015,73
"savannah","mm878prvv001",2013,73
"savannah","mm878prvv001",2002,200
"savannah","w2t63412qw72",2013,6
"savannah","w2t63412qw72",2015,6
"savannah","vnkbaqog493w",2002,100
"savannah","vnkbaqog493w",2015,50
"savannah","20134den6aws",2013,30
"savannah","20134den6aws",2015,14
"savannah","338gr1d991sp",2015,20
"savannah","8gs60480429k",2002,500
"savannah","8gs60480429k",2015,0
"savannah","m6y1oe51x2a6",1976,1200
"savannah","m6y1oe51x2a6",1991,1040
"savannah","m6y1oe51x2a6",2000,1989
"savannah","m6y1oe51x2a6",2014,443
"savannah","m6y1oe51x2a6",2011,454
"savannah","m6y1oe51x2a6",2005,3885
"savannah","8dl60ulcgxk6",1977,955
"savannah","8dl60ulcgxk6",2002,350
"savannah","8dl60ulcgxk6",1991,611
"savannah","8dl60ulcgxk6",2007,344
"savannah","8dl60ulcgxk6",1998,950
"savannah","8dl60ulcgxk6",2006,498
"savannah","8dl60ulcgxk6",2015,253
"savannah","c7kiy01d1130",1992,30
"savannah","k1r62427156w",1989,15
"savannah","l9ya7mqm6ol4",2002,20
"savannah","l9ya7mqm6ol4",2010,0
"savannah","09t5i0i81l16",1998,5
"savannah","09t5i0i81l16",2015,0
"savannah","yd63yx817g5g",2015,26
"savannah","xp6wk1d3800m",1993,80
"savannah","0qaf4s1398xu",1976,150
"savannah","0qaf4s1398xu",1994,100
"savannah","0qaf4s1398xu",2015,0
"savannah","khyeb99o5987",1996,150
"savannah","3yi5edstc9o9",1993,300
"savannah","3yi5edstc9o9",2006,0
"savannah","yv47a8c51834",2011,82
"savannah","yv47a8c51834",1993,600
"savannah","yv47a8c51834",1999,328
"savannah","yv47a8c51834",1977,200
"savannah","yv47a8c51834",2006,348
"savannah","nxbseaw04sex",1978,3537
"savannah","6mf978v2eaa5",1992,60
"savannah","42u9324r20z2",2015,10
"savannah","29nl6z8jy7c7",1989,3390
"savannah","29nl6z8jy7c7",2005,1827
"savannah","29nl6z8jy7c7",2015,1437
"savannah","6h1osqpfd4gr",1978,1376
"savannah","6h1osqpfd4gr",2002,50
"savannah","6h1osqpfd4gr",1992,100
"savannah","d654ga0yr66t",1978,7400
"savannah","3o0w40vc9785",1973,4273
"savannah","3o0w40vc9785",1975,5746
"savannah","3o0w40vc9785",1987,12220
"savannah","3o0w40vc9785",1996,22053
"savannah","3o0w40vc9785",2006,40767
"savannah","3o0w40vc9785",1999,33219
"savannah","3o0w40vc9785",2014,17212
"savannah","3o0w40vc9785",2010,29519
"savannah","3r26cl9s49g7",2015,797
"savannah","agetn23vqa1r",1999,87385
"savannah","agetn23vqa1r",1975,1500
"savannah","agetn23vqa1r",1996,67174
"savannah","agetn23vqa1r",2006,81662
"savannah","agetn23vqa1r",2014,112727
"savannah","agetn23vqa1r",2010,98801
"savannah","5272z5h51op4",1975,1400
"savannah","5272z5h51op4",2006,31191
"savannah","5272z5h51op4",1979,3000
"savannah","2413jo2i3c70",1976,600
"savannah","2413jo2i3c70",1994,831
"savannah","2413jo2i3c70",2001,1262
"savannah","2413jo2i3c70",2010,651
"savannah","2413jo2i3c70",2006,1038
"savannah","2413jo2i3c70",2014,890
"savannah","18vmlu8an4j7",1987,120
"savannah","18vmlu8an4j7",2010,0
"savannah","f947fc989b73",2012,20
"savannah","9z52f5v1p09p",1979,5000
"savannah","9z52f5v1p09p",2011,50
"savannah","ccx8qr689jna",1977,2000
"savannah","ccx8qr689jna",1992,672
"savannah","ccx8qr689jna",1995,391
"savannah","ccx8qr689jna",2005,116
"savannah","ccx8qr689jna",2014,40
"savannah","8j09p5y1zim6",1995,414
"savannah","8j09p5y1zim6",2014,777
"savannah","8j09p5y1zim6",2012,678
"savannah","8j09p5y1zim6",1992,365
"savannah","y93hs16a168r",2006,70
"savannah","y93hs16a168r",2015,300
"savannah","y93hs16a168r",2012,163
"savannah","2r8z6vkfq469",1992,71
"savannah","2r8z6vkfq469",1995,1037
"savannah","2r8z6vkfq469",2013,92
"savannah","qcuqsfzii1i7",1997,339
"savannah","qcuqsfzii1i7",2013,47
"savannah","qcuqsfzii1i7",1992,172
"savannah","7d1q1uck4y59",1998,80
"savannah","7d1q1uck4y59",2013,145
"savannah","7d1q1uck4y59",2015,133
"savannah","7d1q1uck4y59",2009,6
"savannah","z6o19la7m862",1992,371
"savannah","z6o19la7m862",2005,270
"savannah","z6o19la7m862",2013,310
"savannah","z6o19la7m862",1997,35
"savannah","7m12qniutsl7",2005,0
"savannah","7m12qniutsl7",2012,5
"savannah","7m12qniutsl7",2002,8
"savannah","gj7pe7o0nfgj",2011,290
"savannah","i2zp1lo4dy2g",2003,1718
"savannah","i2zp1lo4dy2g",2014,0
"savannah","22eeh71v5qo4",2011,333
"savannah","bx6vlqgnaf7g",2012,21
"savannah","bx6vlqgnaf7g",2002,15
"savannah","83z2jw5i5n63",1994,108
"savannah","83z2jw5i5n63",2014,535
"savannah","83z2jw5i5n63",2012,87
"savannah","83z2jw5i5n63",2004,22
"savannah","o08mkhpw8257",2014,173
"savannah","z58l54v677pg",2002,150
"savannah","z58l54v677pg",2010,1014
"savannah","z58l54v677pg",2006,630
"savannah","z58l54v677pg",2014,1081
"savannah","06936av50vn9",1995,137
"savannah","06936av50vn9",2003,1628
"savannah","06936av50vn9",2010,1465
"savannah","06936av50vn9",2014,1051
"savannah","06936av50vn9",2001,1264
"savannah","7a9bx8i15b2a",1977,200
"savannah","7a9bx8i15b2a",2008,348
"savannah","7a9bx8i15b2a",1995,50
"savannah","7a9bx8i15b2a",2002,200
"savannah","7a9bx8i15b2a",1998,300
"savannah","b2z20xstozf4",2014,606
"savannah","b2z20xstozf4",1995,150
"savannah","whrk8elgy260",1973,500
"savannah","whrk8elgy260",2014,0
"savannah","whrk8elgy260",2009,136
"savannah","ji17dbb3l256",2002,5
"savannah","710ykuiq306y",2002,22
"savannah","w4hb3969ih7d",1998,8707
"savannah","w4hb3969ih7d",2011,12029
"savannah","w4hb3969ih7d",2004,12477
"savannah","w4hb3969ih7d",2002,13061
"savannah","w4hb3969ih7d",1995,717
"savannah","w4hb3969ih7d",2014,4441
"savannah","2595vl1kdl8d",2009,2537
"savannah","2595vl1kdl8d",2014,1015
"savannah","x724h75f6sq1",2011,58
"savannah","j8k16gm2mub9",2014,306
"savannah","b7mxe94hl04k",2014,328
"savannah","b7mxe94hl04k",2011,555
"savannah","h8qbxm49agtq",2014,604
"savannah","jqfkyi8qw795",1995,4883
"savannah","jqfkyi8qw795",1993,5785
"savannah","jqfkyi8qw795",1998,4576
"savannah","jqfkyi8qw795",2015,13116
"savannah","jqfkyi8qw795",2004,8725
"savannah","jqfkyi8qw795",2013,9164
"savannah","e6h983v53052",1990,1750
"savannah","e6h983v53052",1995,1189
"savannah","e6h983v53052",2011,3378
"savannah","e6h983v53052",2002,2417
"savannah","e6h983v53052",2015,2911
"savannah","e6h983v53052",2004,2057
"savannah","8z36bf06m30k",1995,1104
"savannah","8z36bf06m30k",1990,1000
"savannah","8z36bf06m30k",2004,3787
"savannah","8z36bf06m30k",2000,1966
"savannah","8z36bf06m30k",2013,3133
"savannah","8z36bf06m30k",2015,4149
"savannah","tih2963drg25",1995,508
"savannah","tih2963drg25",2005,210
"savannah","tih2963drg25",2011,314
"savannah","tih2963drg25",1992,366
"savannah","tih2963drg25",2000,663
"savannah","n226556c3g5f",2005,20
"savannah","n226556c3g5f",2015,90
"savannah","74q1lv8wssy8",2013,505
"savannah","74q1lv8wssy8",2004,967
"savannah","74q1lv8wssy8",2015,2264
"savannah","19k7yuy4ux2d",2012,595
"savannah","19k7yuy4ux2d",1976,92
"savannah","19k7yuy4ux2d",2002,337
"savannah","19k7yuy4ux2d",1995,212
"savannah","19k7yuy4ux2d",1998,272
"savannah","19k7yuy4ux2d",2005,459
"savannah","z82ts4v4fva7",1994,11
"savannah","em50ct9qzu3p",2002,32
"savannah","em50ct9qzu3p",2005,60
"savannah","em50ct9qzu3p",2015,105
"savannah","em50ct9qzu3p",1997,24
"savannah","em50ct9qzu3p",1994,22
"savannah","em50ct9qzu3p",2010,78
"savannah","0pen8h7q2000",1994,2
"savannah","195u77b9lw7t",1994,6
"savannah","pq413k5f026o",2005,4
"savannah","82b10a5i4rz9",2005,2
"savannah","82b10a5i4rz9",1994,4
"savannah","82b10a5i4rz9",2015,2
"savannah","82b10a5i4rz9",2011,2
"savannah","27490fpfs1d8",1994,6
"savannah","87hn2s9n26fx",1997,250
"savannah","87hn2s9n26fx",2004,346
"savannah","87hn2s9n26fx",2002,310
"savannah","87hn2s9n26fx",2015,700
"savannah","87hn2s9n26fx",1995,160
"savannah","87hn2s9n26fx",2011,600
"savannah","z6ywz82gee7h",2005,45
"savannah","z6ywz82gee7h",2015,2882
"savannah","z6ywz82gee7h",2006,457
"savannah","z6ywz82gee7h",2011,90
"savannah","z6ywz82gee7h",2002,111
"savannah","5lv91k7h1ot5",2005,84
"savannah","5lv91k7h1ot5",1997,45
"savannah","5lv91k7h1ot5",2015,162
"savannah","5lv91k7h1ot5",2011,146
"savannah","5lv91k7h1ot5",1994,49
"savannah","5lv91k7h1ot5",2002,61
"savannah","29i8t7b2iw9a",1994,5
"savannah","72uzn6b5445j",1994,18
"savannah","72uzn6b5445j",2005,36
"savannah","16e5t67tm979",2005,11
"savannah","16e5t67tm979",2015,41
"savannah","pm49qcxf5u72",2002,467
"savannah","pm49qcxf5u72",1977,180
"savannah","pm49qcxf5u72",2006,569
"savannah","pm49qcxf5u72",1997,303
"savannah","pm49qcxf5u72",1994,207
"savannah","u0bi42j669ki",2005,4
"savannah","u0bi42j669ki",1977,13
"savannah","u0bi42j669ki",2002,4
"savannah","u0bi42j669ki",1994,3
"savannah","u0bi42j669ki",2015,2
"savannah","u0bi42j669ki",1997,3
"savannah","0gd3kz8n8871",1964,2374
"savannah","0gd3kz8n8871",1995,8064
"savannah","0gd3kz8n8871",1975,7408
"savannah","0gd3kz8n8871",2015,17086
"savannah","0gd3kz8n8871",1981,7343
"savannah","0gd3kz8n8871",2012,16571
"savannah","0gd3kz8n8871",2002,10459
"savannah","0gd3kz8n8871",2006,12427
"savannah","0gd3kz8n8871",1998,8869
"savannah","kxd2y018z3qa",1994,22
"savannah","13oq1g7i2809",2005,29
"savannah","13oq1g7i2809",2015,57
"savannah","8q6j1cxgmmhv",2005,11
"savannah","h8393etpu2et",2010,481
"savannah","h8393etpu2et",2006,0
"savannah","h8393etpu2et",2015,621
"savannah","h8393etpu2et",1997,66
"savannah","h8393etpu2et",1994,26
"savannah","13sknyi2o1g1",1994,8
"savannah","puybv7t4brp2",1994,6
"savannah","9nk8f9un3hpa",2005,455
"savannah","9nk8f9un3hpa",1998,282
"savannah","9nk8f9un3hpa",2015,1006
"savannah","9nk8f9un3hpa",1995,250
"savannah","9nk8f9un3hpa",2002,318
"savannah","9nk8f9un3hpa",2011,800
"savannah","4bz1t8ph45p1",1994,5
"savannah","av8rx9322vkp",2002,59
"savannah","av8rx9322vkp",1994,13
"savannah","av8rx9322vkp",2005,72
"savannah","3321s6t0t6h7",2006,54
"savannah","3321s6t0t6h7",1997,8
"savannah","3321s6t0t6h7",2015,9
"savannah","3321s6t0t6h7",2002,27
"savannah","3321s6t0t6h7",2011,203
"savannah","3321s6t0t6h7",2010,73
"savannah","2kxpq81rx392",2006,71
"savannah","2kxpq81rx392",2009,222
"savannah","2kxpq81rx392",2002,100
"savannah","2kxpq81rx392",1997,28
"savannah","c79g5122qz6d",2014,347
"savannah","cgc1199214of",2005,110
"savannah","cgc1199214of",1998,48
"savannah","cgc1199214of",2012,171
"savannah","cgc1199214of",2002,30
"savannah","cnrojdj6a297",2015,64
"savannah","594py9vi042b",2009,115
"savannah","0r061va225jz",1994,3
"savannah","4gi06j31l64x",2002,28
"savannah","4gi06j31l64x",2015,90
"savannah","4gi06j31l64x",2005,37
"savannah","4gi06j31l64x",1994,12
"savannah","4gi06j31l64x",1997,25
"savannah","g6ex25efroem",1994,6
"savannah","lz2v28398yma",1974,20
"savannah","94obt64qk449",2011,44
"savannah","94obt64qk449",2015,57
"savannah","94obt64qk449",1994,17
"savannah","94obt64qk449",2005,30
"savannah","am434obdn776",1994,6
"savannah","6262bo8j6v54",2005,85
"savannah","w104i20wq078",1994,8
"savannah","lcf2i1a467h1",1994,5
"savannah","f11eg10069q5",1994,6
"savannah","7k24i0i02aj9",1994,14
"savannah","7k24i0i02aj9",2006,77
"savannah","7k24i0i02aj9",2002,23
"savannah","7k24i0i02aj9",1997,42
"savannah","laxq764ifh5x",1994,56
"savannah","4qbv94adg57y",1994,75
"savannah","4qbv94adg57y",1997,87
"savannah","4qbv94adg57y",2005,140
"savannah","4qbv94adg57y",2015,240
"savannah","4qbv94adg57y",2002,142
"savannah","8p2e31d5ti99",1997,20
"savannah","8p2e31d5ti99",2005,55
"savannah","8p2e31d5ti99",2002,33
"savannah","01u6jbked65h",1994,3
"savannah","4q28o97qx290",1994,5
"savannah","f3zj9wb4p22e",1995,6
"savannah","20p2w5kv6o62",1994,9
"savannah","a8l1wx0qgm31",1993,51
"savannah","a8l1wx0qgm31",2002,757
"savannah","a8l1wx0qgm31",1977,10
"savannah","a8l1wx0qgm31",1997,311
"savannah","a8l1wx0qgm31",2006,857
"savannah","jtmy17c8p418",2002,56
"savannah","jtmy17c8p418",2005,85
"savannah","o50y4d2292qr",2005,61
"savannah","o50y4d2292qr",1994,22
"savannah","vsgeciujoe8x",2005,60
"savannah","vsgeciujoe8x",1994,18
"savannah","vsgeciujoe8x",2015,105
"savannah","vsgeciujoe8x",2002,39
"savannah","vsgeciujoe8x",2012,215
"savannah","5jy2rup4z439",1994,4
"savannah","94q86g6446gx",2005,167
"savannah","94q86g6446gx",2012,215
"savannah","94q86g6446gx",2002,140
"savannah","94q86g6446gx",1997,115
"savannah","94q86g6446gx",2015,220
"savannah","94q86g6446gx",1995,90
"savannah","36piy3i72j81",1994,17
"savannah","v6v63jo2z0ud",1995,18
"savannah","8k9891awc72j",1994,9
"savannah","0ds0lht2250l",2002,372
"savannah","0ds0lht2250l",1997,322
"savannah","0ds0lht2250l",2006,712
"savannah","0ds0lht2250l",1977,65
"savannah","0ds0lht2250l",1994,187
"savannah","2g332yg5700d",1994,10
"savannah","04uos6mzb0r2",1994,2
"savannah","cfeylly1z62s",1997,134
"savannah","cfeylly1z62s",2006,163
"savannah","cfeylly1z62s",2002,88
"savannah","cfeylly1z62s",1994,117
"savannah","a7uahoct9h43",2005,61
"savannah","a7uahoct9h43",2002,59
"savannah","a7uahoct9h43",1995,45
"savannah","7ba3eqnn2v3a",1994,3
"savannah","0n85e3d7k7w9",2005,100
"savannah","0n85e3d7k7w9",2002,67
"savannah","0n85e3d7k7w9",1995,51
"savannah","5d44kynnj0fw",1994,4
"savannah","oeb782tr5994",1989,9
"savannah","oeb782tr5994",2002,20
"savannah","oeb782tr5994",2011,19
"savannah","oeb782tr5994",1998,20
"savannah","oeb782tr5994",2015,25
"savannah","oeb782tr5994",2005,13
"savannah","2918q0y784p9",2005,3
"savannah","2918q0y784p9",2012,3
"savannah","2918q0y784p9",1993,2
"savannah","h8c5w8bdb5me",1998,19
"savannah","h8c5w8bdb5me",2002,19
"savannah","h8c5w8bdb5me",1989,9
"savannah","h8c5w8bdb5me",2015,14
"savannah","h8c5w8bdb5me",2011,13
"savannah","h8c5w8bdb5me",2005,15
"savannah","71n40t4338uy",2015,45
"savannah","71n40t4338uy",2008,136
"savannah","71n40t4338uy",1991,100
"savannah","71n40t4338uy",1999,76
"savannah","35a947ny23om",2008,107
"savannah","35a947ny23om",1991,98
"savannah","me72dsz3yas3",1996,48
"savannah","me72dsz3yas3",1991,31
"savannah","me72dsz3yas3",2003,45
"savannah","l36y8o36xjnc",1994,469
"savannah","l36y8o36xjnc",1999,128
"savannah","z02s32k3vavm",1993,3
"savannah","30gsv6z1k661",1979,4500
"savannah","30gsv6z1k661",1997,4482
"savannah","30gsv6z1k661",1991,5927
"savannah","30gsv6z1k661",2004,6306
"savannah","30gsv6z1k661",2015,4813
"savannah","30gsv6z1k661",2001,2194
"savannah","30gsv6z1k661",2011,2280
"savannah","7z1l28oxuj8z",2011,23
"savannah","7z1l28oxuj8z",1997,0
"savannah","7z1l28oxuj8z",2004,401
"savannah","ziw8v413k6e0",1991,19
"savannah","ll0s4tlgy5su",1991,15
"savannah","1039kcyyo8c9",1991,328
"savannah","1039kcyyo8c9",1996,232
"savannah","1039kcyyo8c9",2003,1477
"savannah","1039kcyyo8c9",2015,1126
"savannah","575n3opv96w5",2012,9
"savannah","575n3opv96w5",1994,54
"savannah","575n3opv96w5",2015,54
"savannah","2xvi5111t0w2",1991,40
"savannah","2xvi5111t0w2",1996,150
"savannah","867i1a4yc4m2",2015,0
"savannah","867i1a4yc4m2",2005,0
"savannah","867i1a4yc4m2",1994,110
"savannah","867i1a4yc4m2",2012,0
"savannah","zsyfeyxcpy3x",2012,70
"savannah","zsyfeyxcpy3x",1996,763
"savannah","zsyfeyxcpy3x",2004,349
"savannah","zsyfeyxcpy3x",1994,299
"savannah","zsyfeyxcpy3x",2001,114
"savannah","c8un2o4f0mr4",2004,195
"savannah","c8un2o4f0mr4",1991,125
"savannah","c8un2o4f0mr4",2011,0
"savannah","c8un2o4f0mr4",1997,0
"savannah","m8ymj8821v82",2002,975
"savannah","m8ymj8821v82",1993,666
"savannah","m8ymj8821v82",1996,892
"savannah","m8ymj8821v82",2012,505
"savannah","5aa3ak095m90",2006,306
"savannah","5aa3ak095m90",2008,31
"savannah","5aa3ak095m90",1991,19
"savannah","vg64dj2cyb1d",2011,109
"savannah","vg64dj2cyb1d",2003,156
"savannah","vg64dj2cyb1d",2001,156
"savannah","51lv747zly3t",1997,0
"savannah","51lv747zly3t",2011,824
"savannah","51lv747zly3t",2004,55
"savannah","5tv313927b55",2000,2435
"savannah","5tv313927b55",2004,181
"savannah","5tv313927b55",1997,124
"savannah","5tv313927b55",1991,2538
"savannah","5tv313927b55",2011,422
"savannah","34dkc32t2q0e",2003,968
"savannah","34dkc32t2q0e",1994,459
"savannah","34dkc32t2q0e",2004,503
"savannah","34dkc32t2q0e",2012,1427
"savannah","34dkc32t2q0e",1999,919
"savannah","34dkc32t2q0e",2001,189
"savannah","34dkc32t2q0e",1996,102
"savannah","4eso4x6f89q9",1996,305
"savannah","4eso4x6f89q9",2004,1011
"savannah","4eso4x6f89q9",2001,1121
"savannah","4eso4x6f89q9",2012,823
"savannah","4eso4x6f89q9",1991,624
"savannah","1127ox8ju84t",2000,216
"savannah","1127ox8ju84t",2004,127
"savannah","1127ox8ju84t",2011,0
"savannah","8v6ycdlbr4ku",2011,0
"savannah","8v6ycdlbr4ku",2004,210
"savannah","7u0iz8wy3gss",2003,3235
"savannah","7u0iz8wy3gss",2012,2214
"savannah","7u0iz8wy3gss",1996,3033
"savannah","7u0iz8wy3gss",1979,7360
"savannah","7u0iz8wy3gss",2001,3750
"savannah","7u0iz8wy3gss",1993,2100
"savannah","7u0iz8wy3gss",2015,4673
"savannah","8yxm7s17wxkk",1991,88
"savannah","8yxm7s17wxkk",1998,45
"savannah","8yxm7s17wxkk",2003,65
"savannah","ixjr1z081k8v",1994,131
"savannah","ixjr1z081k8v",2012,0
"savannah","ixjr1z081k8v",1996,818
"savannah","n34ot047ep69",1991,7
"savannah","n34ot047ep69",2008,1
"savannah","q3y260fxdjzz",1991,1673
"savannah","q3y260fxdjzz",2004,0
"savannah","q3y260fxdjzz",2011,0
"savannah","q3y260fxdjzz",1997,374
"savannah","w619qt4k33oo",1991,1187
"savannah","w619qt4k33oo",1996,250
"savannah","w619qt4k33oo",2005,385
"savannah","w619qt4k33oo",2015,48
"savannah","3yz30y70h5pg",1994,7197
"savannah","3yz30y70h5pg",1979,22800
"savannah","3yz30y70h5pg",2013,133
"savannah","3yz30y70h5pg",1996,7942
"savannah","3yz30y70h5pg",2002,4459
"savannah","3yz30y70h5pg",2015,3302
"savannah","06v0789lb2zy",2016,100
"savannah","06v0789lb2zy",2012,2183
"savannah","06v0789lb2zy",2003,0
"savannah","b76o314da81e",1991,322
"savannah","b76o314da81e",1996,520
"savannah","b76o314da81e",2014,21
"savannah","v0863o230272",1994,1850
"savannah","v0863o230272",1996,2435
"savannah","v0863o230272",2009,0
"savannah","v0863o230272",1999,897
"savannah","bv32j106e132",2006,431
"savannah","bv32j106e132",2001,836
"savannah","bv32j106e132",2014,86
"savannah","bv32j106e132",1997,1189
"savannah","ve8cnx28e99c",2001,53
"savannah","54v1i67x13ce",1996,70
"savannah","4vnl38lwrzy7",2014,278
"savannah","4vnl38lwrzy7",2001,1219
"savannah","4vnl38lwrzy7",1997,1292
"savannah","4vnl38lwrzy7",1993,1113
"savannah","4vnl38lwrzy7",2006,971
"savannah","4i0wn3v539cb",2014,3303
"savannah","4i0wn3v539cb",2001,580
"savannah","4i0wn3v539cb",2010,5048
"savannah","8ua83gx55005",1996,27
"savannah","8ua83gx55005",2001,28
"savannah","xf421u476j87",1997,1883
"savannah","xf421u476j87",1993,1738
"savannah","xf421u476j87",2001,1977
"savannah","xf421u476j87",1978,3000
"savannah","xf421u476j87",2014,1200
"savannah","xf421u476j87",2006,4231
"savannah","fm7797i3ugfr",1997,3626
"savannah","fm7797i3ugfr",2014,747
"savannah","fm7797i3ugfr",2006,3071
"savannah","fm7797i3ugfr",1993,2508
"savannah","fm7797i3ugfr",1976,1000
"savannah","fm7797i3ugfr",2001,5011
"savannah","15ur2949hpuc",1995,2107
"savannah","f04ycvd2n0an",2001,336
"savannah","f04ycvd2n0an",2014,153
"savannah","f04ycvd2n0an",1995,200
"savannah","2aa51to25700",2014,308
"savannah","52ful2qqv3kx",1975,5159
"savannah","52ful2qqv3kx",1996,3741
"savannah","52ful2qqv3kx",2014,11120
"savannah","52ful2qqv3kx",2001,4987
"savannah","52ful2qqv3kx",1995,4625
"savannah","52ful2qqv3kx",2013,10151
"savannah","ikxq10dhr67m",2014,165
"savannah","o6j1n23p5p48",2001,100
"savannah","o6j1n23p5p48",1995,100
"savannah","o6j1n23p5p48",1993,100
"savannah","s2s15zqtwrqm",2001,3
"savannah","73d8o701mgs2",1979,15564
"savannah","73d8o701mgs2",1977,12169
"savannah","73d8o701mgs2",1994,31576
"savannah","73d8o701mgs2",2014,45846
"savannah","73d8o701mgs2",2001,44492
"savannah","73d8o701mgs2",2007,34322
"savannah","73d8o701mgs2",1997,31613
"savannah","x9ga4kn0a3s6",2006,3715
"savannah","x9ga4kn0a3s6",2014,411
"savannah","x9ga4kn0a3s6",1997,2293
"savannah","x9ga4kn0a3s6",2001,2373
"savannah","wnpb51toxs9g",2001,100
"savannah","3889glg81t5x",2001,33
"savannah","3889glg81t5x",2014,0
"savannah","xe49rl7596a6",1996,101
"savannah","xe49rl7596a6",2014,332
"savannah","xe49rl7596a6",2013,128
"savannah","xe49rl7596a6",2001,0
"savannah","asqcbonw3z44",2001,5
"savannah","asqcbonw3z44",2013,0
"savannah","asqcbonw3z44",2014,0
"savannah","0xedxp7l677i",2013,272
"savannah","0xedxp7l677i",2001,116
"savannah","i56l39f71b7h",2001,10
"savannah","48det8im56mc",2014,20
"savannah","8k3u86m4m9c1",1994,689
"savannah","8k3u86m4m9c1",2007,833
"savannah","8k3u86m4m9c1",2001,64
"savannah","8k3u86m4m9c1",2014,2201
"savannah","m131y1qve71n",1997,4017
"savannah","m131y1qve71n",1994,4451
"savannah","m131y1qve71n",2014,4843
"savannah","m131y1qve71n",2007,1829
"savannah","m131y1qve71n",2001,4201
"savannah","w6m73b21osk7",1996,33
"savannah","lt5x10awa313",2006,1925
"savannah","lt5x10awa313",1993,1893
"savannah","lt5x10awa313",1977,443
"savannah","lt5x10awa313",2014,669
"savannah","lt5x10awa313",2001,1716
"savannah","lt5x10awa313",1976,428
"savannah","lt5x10awa313",1997,2206
"savannah","7874kp20371y",2001,13
"savannah","7874kp20371y",2014,0
"savannah","7874kp20371y",1997,120
"savannah","7s6y9vo12y08",2014,0
"savannah","7s6y9vo12y08",2001,228
"savannah","pqxok33tl0da",2001,553
"savannah","pqxok33tl0da",1997,650
"savannah","pqxok33tl0da",2014,1101
"savannah","pqxok33tl0da",1994,706
"savannah","pqxok33tl0da",2007,2781
"savannah","c1un7n81k1gf",2006,192
"savannah","c1un7n81k1gf",2001,791
"savannah","c1un7n81k1gf",1997,861
"savannah","c1un7n81k1gf",2014,0
"savannah","95784l678bx5",2014,54
"savannah","i86cj07b52jj",2001,150
"savannah","i86cj07b52jj",2014,30
"savannah","4vs8x9dg3a93",2014,8200
"savannah","e8g242102837",2013,1538
"savannah","e8g242102837",2001,535
"savannah","e8g242102837",1996,700
"savannah","e8g242102837",2003,527
"savannah","e8g242102837",2014,1585
"savannah","xg4f980xypcr",2013,35
"savannah","1b0v07387p6c",2001,82
"savannah","1b0v07387p6c",2010,304
"savannah","8wa8yt9sphdo",2001,60
"savannah","oixvsmz11357",2006,488
"savannah","oixvsmz11357",2014,16
"savannah","oixvsmz11357",1997,36
"savannah","oixvsmz11357",1993,70
"savannah","oixvsmz11357",2001,33
"savannah","3wrphca2793v",2001,0
"savannah","3wrphca2793v",1995,60
"savannah","3wrphca2793v",1993,60
"savannah","3wrphca2793v",2014,212
"savannah","3wrphca2793v",2010,0
"savannah","3wrphca2793v",1979,150
"savannah","wv5f4py2z507",1976,200
